書名,書籍網址,作者,出版社,ISBN,圖片網址
Java SE 12基礎必修課,https://www.eslite.com/product/1001113692797657,蔡文龍/ 何嘉益/ 張志成/ 張力元,碁峰資訊股份有限公司,9789865022686,https://s.eslite.dev/Upload/Product/201910/l/637056885942171250.jpg
持續交付: 使用Java,https://www.eslite.com/product/1001133102777414,Daniel Bryant/ Abraham Marín-Pérez,美商歐萊禮股份有限公司台灣分公司,9789865021740,https://s.eslite.dev/Upload/Product/201907/l/636987763947545000.jpg
現代Java: 輕鬆解決Java 8與9的難題,https://www.eslite.com/product/1001133102666259,Ken Kousen,美商歐萊禮股份有限公司台灣分公司,9789864767007,https://s.eslite.dev/Upload/Product/201810/l/636760718682348750.jpg
Java 9模組化: 可維護應用程式的開發模式與實務,https://www.eslite.com/product/1001133102658327,Sander Mak/ Paul Bakker,美商歐萊禮股份有限公司台灣分公司,9789864767182,https://s.eslite.dev/Upload/Product/201802/l/636541074329233750.jpg
打造可維護軟體: 編寫可維護程式碼的10項法則 (Java版),https://www.eslite.com/product/1001133102603243,Joost Visser,美商歐萊禮股份有限公司台灣分公司,9789864764495,https://s.eslite.dev/Upload/Product/201707/l/636344948515130566.jpg
Java 8教學手冊,https://www.eslite.com/product/1001113692543921,Ivor Horton,碁峰資訊股份有限公司,9789864761524,https://s.eslite.dev/upload/product/l/2681379283003/612620.jpg
Java技術手冊 (第6版),https://www.eslite.com/product/1001133102434550,Benjamin J. Evans/ David Flanagan,美商歐萊禮股份有限公司台灣分公司,9789863476054,https://s.eslite.dev/Upload/Product/201507/l/635726393071595000.jpg
Java程式設計導論 (第10版),https://www.eslite.com/product/1001113692408587,Y. Daniel Liang,碁峰資訊股份有限公司,9789863474722,https://s.eslite.dev/Upload/Product/201504/l/635647932976935000.jpg
Java 8 Lambdas技術手冊,https://www.eslite.com/product/1001133102375856,,美商歐萊禮股份有限公司台灣分公司,9789863474067,https://s.eslite.dev/Upload/Product/201411/l/635526738397428750.jpg
Java網路程式設計 (第4版),https://www.eslite.com/product/1001133102360968,Elliotte Rusty Harold,美商歐萊禮股份有限公司台灣分公司,9789863472674,https://s.eslite.dev/Upload/Product/201410/l/635478355606322500.jpg
Java效能優化指南,https://www.eslite.com/product/1001113692157017,Charlie Hunt/ Binu John,碁峰資訊股份有限公司,9789862765340,https://s.eslite.dev/Upload/Product/201207/l/634778516599331250.jpg
Java程式設計師應該知道的97件事: 來自專家的集體智慧,https://www.eslite.com/product/1001133102681971869001,Kevlin Henney/ Trisha Gee,美商歐萊禮股份有限公司台灣分公司,9789865027148,https://s.eslite.dev/upload/product/l/2681971869001/20210121033857126444.jpg
物件導向程式設計的精髓: 使用UML工具和Java語言 (附CD),https://www.eslite.com/product/1001120322195009,高橋麻奈,博碩文化股份有限公司,9789862016664,https://s.eslite.dev/Upload/Product/201211/l/634896886553618750.jpg
Java編程語言 (第4版),https://www.eslite.com/product/1001113691891037,"Arnold, Ken/ Gosling, James/ Holmes, David",碁峰資訊股份有限公司,9789861818207,https://s.eslite.dev/upload/product/l/2680448393001/ec329661.jpg
Java程式設計 (附光碟),https://www.eslite.com/product/1001137241711898,"Bell, Douglas/ Parr, Mike",普林斯頓國際有限公司,9789861545516,https://s.eslite.dev/Upload/Product/201903/l/636880883247781250.jpg
超越Java: 探討程式語言的未來,https://www.eslite.com/product/1001133101824061,"Tate, Bruce A.",美商歐萊禮股份有限公司台灣分公司,9789867794765,0
Java Threada (第三版),https://www.eslite.com/product/1001133101824047,,美商歐萊禮股份有限公司台灣分公司,9789867794482,0
JAVA Swing進階篇 (第二版),https://www.eslite.com/product/1001133101824046,"Eckstein, Robert/ Elliott, James/ Cole, Brian/ Loy, Marc/ Wood, Dave",美商歐萊禮股份有限公司台灣分公司,9789867794093,0
Enterprise Java Beans技術 (第三版),https://www.eslite.com/product/1001133101824045,"MONSON-HAEFEL, RICHARD",美商歐萊禮股份有限公司台灣分公司,9789578247956,0
Java經典範例 (第二版),https://www.eslite.com/product/1001133101824049,,美商歐萊禮股份有限公司台灣分公司,9789578247925,0
Java SE 12基礎必修課,https://www.eslite.com/product/1001113692797657,蔡文龍/ 何嘉益/ 張志成/ 張力元,碁峰資訊股份有限公司,9789865022686,https://s.eslite.dev/Upload/Product/201910/l/637056885942171250.jpg
持續交付: 使用Java,https://www.eslite.com/product/1001133102777414,Daniel Bryant/ Abraham Marín-Pérez,美商歐萊禮股份有限公司台灣分公司,9789865021740,https://s.eslite.dev/Upload/Product/201907/l/636987763947545000.jpg
現代Java: 輕鬆解決Java 8與9的難題,https://www.eslite.com/product/1001133102666259,Ken Kousen,美商歐萊禮股份有限公司台灣分公司,9789864767007,https://s.eslite.dev/Upload/Product/201810/l/636760718682348750.jpg
Java 9模組化: 可維護應用程式的開發模式與實務,https://www.eslite.com/product/1001133102658327,Sander Mak/ Paul Bakker,美商歐萊禮股份有限公司台灣分公司,9789864767182,https://s.eslite.dev/Upload/Product/201802/l/636541074329233750.jpg
打造可維護軟體: 編寫可維護程式碼的10項法則 (Java版),https://www.eslite.com/product/1001133102603243,Joost Visser,美商歐萊禮股份有限公司台灣分公司,9789864764495,https://s.eslite.dev/Upload/Product/201707/l/636344948515130566.jpg
Java 8教學手冊,https://www.eslite.com/product/1001113692543921,Ivor Horton,碁峰資訊股份有限公司,9789864761524,https://s.eslite.dev/upload/product/l/2681379283003/612620.jpg
Java技術手冊 (第6版),https://www.eslite.com/product/1001133102434550,Benjamin J. Evans/ David Flanagan,美商歐萊禮股份有限公司台灣分公司,9789863476054,https://s.eslite.dev/Upload/Product/201507/l/635726393071595000.jpg
Java程式設計導論 (第10版),https://www.eslite.com/product/1001113692408587,Y. Daniel Liang,碁峰資訊股份有限公司,9789863474722,https://s.eslite.dev/Upload/Product/201504/l/635647932976935000.jpg
Java 8 Lambdas技術手冊,https://www.eslite.com/product/1001133102375856,,美商歐萊禮股份有限公司台灣分公司,9789863474067,https://s.eslite.dev/Upload/Product/201411/l/635526738397428750.jpg
Java網路程式設計 (第4版),https://www.eslite.com/product/1001133102360968,Elliotte Rusty Harold,美商歐萊禮股份有限公司台灣分公司,9789863472674,https://s.eslite.dev/Upload/Product/201410/l/635478355606322500.jpg
Java效能優化指南,https://www.eslite.com/product/1001113692157017,Charlie Hunt/ Binu John,碁峰資訊股份有限公司,9789862765340,https://s.eslite.dev/Upload/Product/201207/l/634778516599331250.jpg
Java程式設計師應該知道的97件事: 來自專家的集體智慧,https://www.eslite.com/product/1001133102681971869001,Kevlin Henney/ Trisha Gee,美商歐萊禮股份有限公司台灣分公司,9789865027148,https://s.eslite.dev/upload/product/l/2681971869001/20210121033857126444.jpg
物件導向程式設計的精髓: 使用UML工具和Java語言 (附CD),https://www.eslite.com/product/1001120322195009,高橋麻奈,博碩文化股份有限公司,9789862016664,https://s.eslite.dev/Upload/Product/201211/l/634896886553618750.jpg
Java編程語言 (第4版),https://www.eslite.com/product/1001113691891037,"Arnold, Ken/ Gosling, James/ Holmes, David",碁峰資訊股份有限公司,9789861818207,https://s.eslite.dev/upload/product/l/2680448393001/ec329661.jpg
Java程式設計 (附光碟),https://www.eslite.com/product/1001137241711898,"Bell, Douglas/ Parr, Mike",普林斯頓國際有限公司,9789861545516,https://s.eslite.dev/Upload/Product/201903/l/636880883247781250.jpg
超越Java: 探討程式語言的未來,https://www.eslite.com/product/1001133101824061,"Tate, Bruce A.",美商歐萊禮股份有限公司台灣分公司,9789867794765,0
Java Threada (第三版),https://www.eslite.com/product/1001133101824047,,美商歐萊禮股份有限公司台灣分公司,9789867794482,0
JAVA Swing進階篇 (第二版),https://www.eslite.com/product/1001133101824046,"Eckstein, Robert/ Elliott, James/ Cole, Brian/ Loy, Marc/ Wood, Dave",美商歐萊禮股份有限公司台灣分公司,9789867794093,0
Enterprise Java Beans技術 (第三版),https://www.eslite.com/product/1001133101824045,"MONSON-HAEFEL, RICHARD",美商歐萊禮股份有限公司台灣分公司,9789578247956,0
Java經典範例 (第二版),https://www.eslite.com/product/1001133101824049,,美商歐萊禮股份有限公司台灣分公司,9789578247925,0
Java SE 12基礎必修課,https://www.eslite.com/product/1001113692797657,蔡文龍/ 何嘉益/ 張志成/ 張力元,碁峰資訊股份有限公司,9789865022686,https://s.eslite.dev/Upload/Product/201910/l/637056885942171250.jpg
持續交付: 使用Java,https://www.eslite.com/product/1001133102777414,Daniel Bryant/ Abraham Marín-Pérez,美商歐萊禮股份有限公司台灣分公司,9789865021740,https://s.eslite.dev/Upload/Product/201907/l/636987763947545000.jpg
現代Java: 輕鬆解決Java 8與9的難題,https://www.eslite.com/product/1001133102666259,Ken Kousen,美商歐萊禮股份有限公司台灣分公司,9789864767007,https://s.eslite.dev/Upload/Product/201810/l/636760718682348750.jpg
Java 9模組化: 可維護應用程式的開發模式與實務,https://www.eslite.com/product/1001133102658327,Sander Mak/ Paul Bakker,美商歐萊禮股份有限公司台灣分公司,9789864767182,https://s.eslite.dev/Upload/Product/201802/l/636541074329233750.jpg
打造可維護軟體: 編寫可維護程式碼的10項法則 (Java版),https://www.eslite.com/product/1001133102603243,Joost Visser,美商歐萊禮股份有限公司台灣分公司,9789864764495,https://s.eslite.dev/Upload/Product/201707/l/636344948515130566.jpg
Java 8教學手冊,https://www.eslite.com/product/1001113692543921,Ivor Horton,碁峰資訊股份有限公司,9789864761524,https://s.eslite.dev/upload/product/l/2681379283003/612620.jpg
Java技術手冊 (第6版),https://www.eslite.com/product/1001133102434550,Benjamin J. Evans/ David Flanagan,美商歐萊禮股份有限公司台灣分公司,9789863476054,https://s.eslite.dev/Upload/Product/201507/l/635726393071595000.jpg
Java程式設計導論 (第10版),https://www.eslite.com/product/1001113692408587,Y. Daniel Liang,碁峰資訊股份有限公司,9789863474722,https://s.eslite.dev/Upload/Product/201504/l/635647932976935000.jpg
Java 8 Lambdas技術手冊,https://www.eslite.com/product/1001133102375856,,美商歐萊禮股份有限公司台灣分公司,9789863474067,https://s.eslite.dev/Upload/Product/201411/l/635526738397428750.jpg
Java網路程式設計 (第4版),https://www.eslite.com/product/1001133102360968,Elliotte Rusty Harold,美商歐萊禮股份有限公司台灣分公司,9789863472674,https://s.eslite.dev/Upload/Product/201410/l/635478355606322500.jpg
Java效能優化指南,https://www.eslite.com/product/1001113692157017,Charlie Hunt/ Binu John,碁峰資訊股份有限公司,9789862765340,https://s.eslite.dev/Upload/Product/201207/l/634778516599331250.jpg
Java程式設計師應該知道的97件事: 來自專家的集體智慧,https://www.eslite.com/product/1001133102681971869001,Kevlin Henney/ Trisha Gee,美商歐萊禮股份有限公司台灣分公司,9789865027148,https://s.eslite.dev/upload/product/l/2681971869001/20210121033857126444.jpg
物件導向程式設計的精髓: 使用UML工具和Java語言 (附CD),https://www.eslite.com/product/1001120322195009,高橋麻奈,博碩文化股份有限公司,9789862016664,https://s.eslite.dev/Upload/Product/201211/l/634896886553618750.jpg
Java編程語言 (第4版),https://www.eslite.com/product/1001113691891037,"Arnold, Ken/ Gosling, James/ Holmes, David",碁峰資訊股份有限公司,9789861818207,https://s.eslite.dev/upload/product/l/2680448393001/ec329661.jpg
Java程式設計 (附光碟),https://www.eslite.com/product/1001137241711898,"Bell, Douglas/ Parr, Mike",普林斯頓國際有限公司,9789861545516,https://s.eslite.dev/Upload/Product/201903/l/636880883247781250.jpg
超越Java: 探討程式語言的未來,https://www.eslite.com/product/1001133101824061,"Tate, Bruce A.",美商歐萊禮股份有限公司台灣分公司,9789867794765,0
Java Threada (第三版),https://www.eslite.com/product/1001133101824047,,美商歐萊禮股份有限公司台灣分公司,9789867794482,0
JAVA Swing進階篇 (第二版),https://www.eslite.com/product/1001133101824046,"Eckstein, Robert/ Elliott, James/ Cole, Brian/ Loy, Marc/ Wood, Dave",美商歐萊禮股份有限公司台灣分公司,9789867794093,0
Enterprise Java Beans技術 (第三版),https://www.eslite.com/product/1001133101824045,"MONSON-HAEFEL, RICHARD",美商歐萊禮股份有限公司台灣分公司,9789578247956,0
Java經典範例 (第二版),https://www.eslite.com/product/1001133101824049,,美商歐萊禮股份有限公司台灣分公司,9789578247925,0
